Warehouse	Query	Time	Cost	Log Time	Log Time Bin	Time Bin	Log Cents	Log Cents Bin	Cost Bin
Snowflake	query/query1.sql	1.8	$0.005	0.8710550751	1	2.00	-0.8640291337	0	$0.010
Snowflake	query/query10.sql	11.9	$0.036	3.578334949	4	16.00	1.84325074	2	$0.040
Snowflake	query/query11.sql	28.9	$0.087	4.855341933	5	32.00	3.120257725	4	$0.160
Snowflake	query/query12.sql	1.8	$0.005	0.8511993386	1	2.00	-0.8838848702	0	$0.010
Snowflake	query/query13.sql	37.4	$0.112	5.225120656	6	64.00	3.490036447	4	$0.160
Snowflake	query/query14.sql	33.5	$0.100	5.064106815	6	64.00	3.329022606	4	$0.160
Snowflake	query/query15.sql	1.3	$0.004	0.3785116233	1	2.00	-1.356572586	-1	$0.005
Snowflake	query/query16.sql	2.6	$0.008	1.38294387	2	4.00	-0.3521403392	0	$0.010
Snowflake	query/query17.sql	9.5	$0.028	3.24199268	4	16.00	1.506908472	2	$0.040
Snowflake	query/query18.sql	4.0	$0.012	1.994579724	2	4.00	0.2594955155	1	$0.020
Snowflake	query/query19.sql	5.4	$0.016	2.424384672	3	8.00	0.6893004628	1	$0.020
Snowflake	query/query2.sql	11.4	$0.034	3.514627273	4	16.00	1.779543064	2	$0.040
Snowflake	query/query20.sql	0.7	$0.002	-0.5972778232	0	1.00	-2.332362032	-2	$0.003
Snowflake	query/query21.sql	1.5	$0.005	0.6107000621	1	2.00	-1.124384147	-1	$0.005
Snowflake	query/query22.sql	11.2	$0.034	3.479359922	4	16.00	1.744275713	2	$0.040
Snowflake	query/query23.sql	84.7	$0.254	6.403847138	7	128.00	4.66876293	5	$0.320
Snowflake	query/query24.sql	519.7	$1.561	9.021637958	10	1024.00	7.286553749	8	$2.560
Snowflake	query/query25.sql	6.1	$0.018	2.617298483	3	8.00	0.8822142741	1	$0.020
Snowflake	query/query26.sql	2.0	$0.006	0.9949417102	1	2.00	-0.7401424986	0	$0.010
Snowflake	query/query27.sql	9.4	$0.028	3.240008965	4	16.00	1.504924756	2	$0.040
Snowflake	query/query28.sql	24.1	$0.072	4.592397235	5	32.00	2.857313026	3	$0.080
Snowflake	query/query29.sql	6.9	$0.021	2.781359714	3	8.00	1.046275505	2	$0.040
Snowflake	query/query3.sql	2.6	$0.008	1.367371066	2	4.00	-0.3677131431	0	$0.010
Snowflake	query/query30.sql	1.4	$0.004	0.4792305612	1	2.00	-1.255853648	-1	$0.005
Snowflake	query/query31.sql	7.0	$0.021	2.807767062	3	8.00	1.072682853	2	$0.040
Snowflake	query/query32.sql	2.7	$0.008	1.455228571	2	4.00	-0.2798556376	0	$0.010
Snowflake	query/query33.sql	5.8	$0.017	2.529571108	3	8.00	0.7944868988	1	$0.020
Snowflake	query/query34.sql	3.3	$0.010	1.718964336	2	4.00	-0.016119873	0	$0.010
Snowflake	query/query35.sql	5.4	$0.016	2.437227739	3	8.00	0.7021435302	1	$0.020
Snowflake	query/query36.sql	6.0	$0.018	2.577247536	3	8.00	0.8421633268	1	$0.020
Snowflake	query/query37.sql	1.9	$0.006	0.9145645235	1	2.00	-0.8205196853	0	$0.010
Snowflake	query/query38.sql	8.9	$0.027	3.147795113	4	16.00	1.412710905	2	$0.040
Snowflake	query/query39.sql	3.6	$0.011	1.86036693	2	4.00	0.1252827214	1	$0.020
Snowflake	query/query4.sql	32.0	$0.096	4.999549087	5	32.00	3.264464879	4	$0.160
Snowflake	query/query40.sql	1.0	$0.003	-0.05739166389	0	1.00	-1.792475873	-1	$0.005
Snowflake	query/query41.sql	0.4	$0.001	-1.510457064	-1	0.50	-3.245541273	-3	$0.001
Snowflake	query/query42.sql	3.1	$0.009	1.64800518	2	4.00	-0.08707902895	0	$0.010
Snowflake	query/query43.sql	4.3	$0.013	2.112700133	3	8.00	0.377615924	1	$0.020
Snowflake	query/query44.sql	5.8	$0.018	2.543743323	3	8.00	0.808659114	1	$0.020
Snowflake	query/query45.sql	3.2	$0.009	1.660837368	2	4.00	-0.07424684106	0	$0.010
Snowflake	query/query46.sql	6.7	$0.020	2.741143355	3	8.00	1.006059146	2	$0.040
Snowflake	query/query47.sql	15.5	$0.046	3.95214716	4	16.00	2.217062951	3	$0.080
Snowflake	query/query48.sql	7.6	$0.023	2.918767849	3	8.00	1.183683641	2	$0.040
Snowflake	query/query49.sql	14.9	$0.045	3.89840186	4	16.00	2.163317651	3	$0.080
Snowflake	query/query5.sql	7.1	$0.021	2.824360542	3	8.00	1.089276334	2	$0.040
Snowflake	query/query50.sql	7.2	$0.022	2.854394678	3	8.00	1.119310469	2	$0.040
Snowflake	query/query51.sql	26.0	$0.078	4.701881692	5	32.00	2.966797484	3	$0.080
Snowflake	query/query52.sql	3.1	$0.009	1.648925559	2	4.00	-0.0861586493	0	$0.010
Snowflake	query/query53.sql	3.7	$0.011	1.890641244	2	4.00	0.1555570352	1	$0.020
Snowflake	query/query54.sql	3.7	$0.011	1.876566059	2	4.00	0.14148185	1	$0.020
Snowflake	query/query55.sql	3.0	$0.009	1.588324868	2	4.00	-0.1467593408	0	$0.010
Snowflake	query/query56.sql	6.2	$0.019	2.64038956	3	8.00	0.9053053513	1	$0.020
Snowflake	query/query57.sql	5.7	$0.017	2.520296518	3	8.00	0.7852123092	1	$0.020
Snowflake	query/query58.sql	3.6	$0.011	1.859969548	2	4.00	0.1248853395	1	$0.020
Snowflake	query/query59.sql	16.4	$0.049	4.034743949	5	32.00	2.299659741	3	$0.080
Snowflake	query/query6.sql	4.6	$0.014	2.186817459	3	8.00	0.4517332506	1	$0.020
Snowflake	query/query60.sql	5.0	$0.015	2.323946455	3	8.00	0.5888622467	1	$0.020
Snowflake	query/query61.sql	1.3	$0.004	0.3334237337	1	2.00	-1.401660475	-1	$0.005
Snowflake	query/query62.sql	2.7	$0.008	1.40599236	2	4.00	-0.3290918491	0	$0.010
Snowflake	query/query63.sql	3.7	$0.011	1.880881397	2	4.00	0.1457971885	1	$0.020
Snowflake	query/query64.sql	23.2	$0.070	4.53710966	5	32.00	2.802025452	3	$0.080
Snowflake	query/query65.sql	14.9	$0.045	3.893556369	4	16.00	2.158472161	3	$0.080
Snowflake	query/query66.sql	4.9	$0.015	2.281253134	3	8.00	0.5461689254	1	$0.020
Snowflake	query/query67.sql	57.4	$0.173	5.843707535	6	64.00	4.108623327	5	$0.320
Snowflake	query/query68.sql	10.8	$0.032	3.428276414	4	16.00	1.693192206	2	$0.040
Snowflake	query/query69.sql	0.8	$0.002	-0.2845458729	0	1.00	-2.019630082	-2	$0.003
Snowflake	query/query7.sql	7.3	$0.022	2.872040725	3	8.00	1.136956516	2	$0.040
Snowflake	query/query70.sql	8.6	$0.026	3.112533338	4	16.00	1.377449129	2	$0.040
Snowflake	query/query71.sql	7.0	$0.021	2.813319455	3	8.00	1.078235246	2	$0.040
Snowflake	query/query72.sql	14.4	$0.043	3.85239842	4	16.00	2.117314212	3	$0.080
Snowflake	query/query73.sql	2.8	$0.008	1.463622457	2	4.00	-0.2714617519	0	$0.010
Snowflake	query/query74.sql	18.7	$0.056	4.22627731	5	32.00	2.491193101	3	$0.080
Snowflake	query/query75.sql	17.0	$0.051	4.089074365	5	32.00	2.353990156	3	$0.080
Snowflake	query/query76.sql	14.1	$0.042	3.821199978	4	16.00	2.086115769	3	$0.080
Snowflake	query/query77.sql	6.1	$0.018	2.604783004	3	8.00	0.8696987955	1	$0.020
Snowflake	query/query78.sql	69.4	$0.208	6.116343961	7	128.00	4.381259752	5	$0.320
Snowflake	query/query79.sql	6.7	$0.020	2.746527757	3	8.00	1.011443548	2	$0.040
Snowflake	query/query8.sql	6.7	$0.020	2.744591687	3	8.00	1.009507478	2	$0.040
Snowflake	query/query80.sql	16.2	$0.049	4.019790857	5	32.00	2.284706648	3	$0.080
Snowflake	query/query81.sql	1.8	$0.006	0.8836208163	1	2.00	-0.8514633925	0	$0.010
Snowflake	query/query82.sql	1.7	$0.005	0.7467427158	1	2.00	-0.988341493	0	$0.010
Snowflake	query/query83.sql	1.2	$0.004	0.2726204547	1	2.00	-1.462463754	-1	$0.005
Snowflake	query/query84.sql	1.1	$0.003	0.1375035237	1	2.00	-1.597580685	-1	$0.005
Snowflake	query/query85.sql	4.9	$0.015	2.288653864	3	8.00	0.5535696548	1	$0.020
Snowflake	query/query86.sql	2.1	$0.006	1.041242982	2	4.00	-0.6938412265	0	$0.010
Snowflake	query/query87.sql	11.5	$0.034	3.520799374	4	16.00	1.785715166	2	$0.040
Snowflake	query/query88.sql	13.7	$0.041	3.779890039	4	16.00	2.044805831	3	$0.080
Snowflake	query/query89.sql	5.2	$0.016	2.377401431	3	8.00	0.642317222	1	$0.020
Snowflake	query/query9.sql	29.4	$0.088	4.875878336	5	32.00	3.140794127	4	$0.160
Snowflake	query/query90.sql	1.9	$0.006	0.9582859009	1	2.00	-0.7767983078	0	$0.010
Snowflake	query/query91.sql	1.1	$0.003	0.1348780543	1	2.00	-1.600206154	-1	$0.005
Snowflake	query/query92.sql	1.8	$0.005	0.8655229591	1	2.00	-0.8695612496	0	$0.010
Snowflake	query/query93.sql	6.1	$0.018	2.614003045	3	8.00	0.8789188361	1	$0.020
Snowflake	query/query94.sql	3.3	$0.010	1.704429352	2	4.00	-0.03065485668	0	$0.010
Snowflake	query/query95.sql	22.2	$0.067	4.472747693	5	32.00	2.737663484	3	$0.080
Snowflake	query/query96.sql	1.8	$0.005	0.8479969066	1	2.00	-0.8870873022	0	$0.010
Snowflake	query/query97.sql	13.7	$0.041	3.774628947	4	16.00	2.039544739	3	$0.080
Snowflake	query/query98.sql	5.4	$0.016	2.445461867	3	8.00	0.7103776584	1	$0.020
Snowflake	query/query99.sql	3.8	$0.011	1.909197063	2	4.00	0.1741128542	1	$0.020
Redshift	query/query10.sql	6.112	$0.018	2.611644543	3	8.00	0.8765603346	1	$0.020
Redshift	query/query11.sql	72.375	$0.217	6.177419538	7	128.00	4.442335329	5	$0.320
Redshift	query/query12.sql	0.951	$0.003	-0.0724827538	0	1.00	-1.807566963	-1	$0.005
Redshift	query/query13.sql	23.617	$0.071	4.56175381	5	32.00	2.826669601	3	$0.080
Redshift	query/query14.sql	5.358	$0.016	2.421694581	3	8.00	0.6866103724	1	$0.020
Redshift	query/query15.sql	6.349	$0.019	2.666529378	3	8.00	0.9314451692	1	$0.020
Redshift	query/query16.sql	19.685	$0.059	4.299024807	5	32.00	2.563940599	3	$0.080
Redshift	query/query17.sql	5.387	$0.016	2.429482065	3	8.00	0.6943978564	1	$0.020
Redshift	query/query18.sql	5.132	$0.015	2.35952117	3	8.00	0.6244369617	1	$0.020
Redshift	query/query19.sql	7.154	$0.021	2.838750118	3	8.00	1.10366591	2	$0.040
Redshift	query/query1.sql	0.332	$0.001	-1.590744853	-1	0.50	-3.325829062	-3	$0.001
Redshift	query/query20.sql	1.031	$0.003	0.04404433271	1	2.00	-1.691039876	-1	$0.005
Redshift	query/query21.sql	2.718	$0.008	1.442545456	2	4.00	-0.2925387527	0	$0.010
Redshift	query/query22.sql	6.044	$0.018	2.595503661	3	8.00	0.8604194517	1	$0.020
Redshift	query/query23.sql	8.894	$0.027	3.152832405	4	16.00	1.417748196	2	$0.040
Redshift	query/query24.sql	56.587	$0.170	5.822398749	6	64.00	4.08731454	5	$0.320
Redshift	query/query25.sql	6.278	$0.019	2.650305029	3	8.00	0.9152208202	1	$0.020
Redshift	query/query26.sql	2.959	$0.009	1.565109697	2	4.00	-0.1699745122	0	$0.010
Redshift	query/query27.sql	4.704	$0.014	2.23388806	3	8.00	0.4988038514	1	$0.020
Redshift	query/query28.sql	8.932	$0.027	3.158983251	4	16.00	1.423899042	2	$0.040
Redshift	query/query29.sql	5.223	$0.016	2.384878704	3	8.00	0.649794495	1	$0.020
Redshift	query/query2.sql	0.301	$0.001	-1.732164608	-1	0.50	-3.467248817	-3	$0.001
Redshift	query/query30.sql	1.433	$0.004	0.5190386096	1	2.00	-1.216045599	-1	$0.005
Redshift	query/query31.sql	13.314	$0.040	3.734872168	4	16.00	1.999787959	2	$0.040
Redshift	query/query32.sql	2.24	$0.007	1.163498732	2	4.00	-0.5715854765	0	$0.010
Redshift	query/query33.sql	5.941	$0.018	2.570705789	3	8.00	0.8356215798	1	$0.020
Redshift	query/query34.sql	2.737	$0.008	1.452595435	2	4.00	-0.2824887741	0	$0.010
Redshift	query/query35.sql	11.277	$0.034	3.495311416	4	16.00	1.760227207	2	$0.040
Redshift	query/query36.sql	3.767	$0.011	1.913416033	2	4.00	0.1783318245	1	$0.020
Redshift	query/query37.sql	2.451	$0.007	1.293370484	2	4.00	-0.4417137246	0	$0.010
Redshift	query/query38.sql	13.141	$0.039	3.716003161	4	16.00	1.980918952	2	$0.040
Redshift	query/query39.sql	9.039	$0.027	3.176163174	4	16.00	1.441078965	2	$0.040
Redshift	query/query3.sql	2.476	$0.007	1.308011315	2	4.00	-0.4270728942	0	$0.010
Redshift	query/query40.sql	14.139	$0.042	3.821608182	4	16.00	2.086523973	3	$0.080
Redshift	query/query41.sql	0.325	$0.001	-1.621488377	-1	0.50	-3.356572586	-3	$0.001
Redshift	query/query42.sql	2.019	$0.006	1.013640911	2	4.00	-0.7214432981	0	$0.010
Redshift	query/query43.sql	3.221	$0.010	1.687508661	2	4.00	-0.04757554804	0	$0.010
Redshift	query/query44.sql	4.194	$0.013	2.068326861	3	8.00	0.3332426527	1	$0.020
Redshift	query/query45.sql	5.312	$0.016	2.409255147	3	8.00	0.6741709379	1	$0.020
Redshift	query/query46.sql	5.26	$0.016	2.3950628	3	8.00	0.6599785908	1	$0.020
Redshift	query/query47.sql	8.984	$0.027	3.167357928	4	16.00	1.432273719	2	$0.040
Redshift	query/query48.sql	8.65	$0.026	3.112700133	4	16.00	1.377615924	2	$0.040
Redshift	query/query49.sql	5.76	$0.017	2.526068812	3	8.00	0.7909846029	1	$0.020
Redshift	query/query4.sql	92.835	$0.279	6.536596918	7	128.00	4.801512709	5	$0.320
Redshift	query/query50.sql	7.63	$0.023	2.931683057	3	8.00	1.196598848	2	$0.040
Redshift	query/query51.sql	19.468	$0.058	4.283032775	5	32.00	2.547948566	3	$0.080
Redshift	query/query52.sql	2.133	$0.006	1.092883966	2	4.00	-0.6422002431	0	$0.010
Redshift	query/query53.sql	2.636	$0.008	1.39835037	2	4.00	-0.3367338384	0	$0.010
Redshift	query/query54.sql	5.189	$0.016	2.375456536	3	8.00	0.6403723271	1	$0.020
Redshift	query/query55.sql	1.977	$0.006	0.9833128711	1	2.00	-0.7517713377	0	$0.010
Redshift	query/query56.sql	5.918	$0.018	2.565109697	3	8.00	0.8300254878	1	$0.020
Redshift	query/query57.sql	7.948	$0.024	2.990591873	3	8.00	1.255507664	2	$0.040
Redshift	query/query58.sql	3.713	$0.011	1.892585315	2	4.00	0.1575011064	1	$0.020
Redshift	query/query59.sql	0.904	$0.003	-0.1456053222	0	1.00	-1.880689531	-1	$0.005
Redshift	query/query5.sql	35.746	$0.107	5.159709907	6	64.00	3.424625699	4	$0.160
Redshift	query/query60.sql	7.663	$0.023	2.937909306	3	8.00	1.202825097	2	$0.040
Redshift	query/query61.sql	0.753	$0.002	-0.40927823	0	1.00	-2.144362439	-2	$0.003
Redshift	query/query62.sql	4.552	$0.014	2.186500558	3	8.00	0.4514163489	1	$0.020
Redshift	query/query63.sql	2.823	$0.008	1.497229129	2	4.00	-0.23785508	0	$0.010
Redshift	query/query64.sql	32.324	$0.097	5.014533833	6	64.00	3.279449625	4	$0.160
Redshift	query/query65.sql	9.202	$0.028	3.201947456	4	16.00	1.466863248	2	$0.040
Redshift	query/query66.sql	18.5	$0.056	4.209453366	5	32.00	2.474369157	3	$0.080
Redshift	query/query67.sql	77.858	$0.234	6.28277338	7	128.00	4.547689172	5	$0.320
Redshift	query/query68.sql	16.541	$0.050	4.047974551	5	32.00	2.312890343	3	$0.080
Redshift	query/query69.sql	15.132	$0.045	3.919530776	4	16.00	2.184446568	3	$0.080
Redshift	query/query6.sql	16.208	$0.049	4.018634174	5	32.00	2.283549965	3	$0.080
Redshift	query/query70.sql	12.405	$0.037	3.63284983	4	16.00	1.897765621	2	$0.040
Redshift	query/query71.sql	13.437	$0.040	3.748139167	4	16.00	2.013054958	3	$0.080
Redshift	query/query72.sql	37.307	$0.112	5.221374447	6	64.00	3.486290238	4	$0.160
Redshift	query/query73.sql	5.111	$0.015	2.353605591	3	8.00	0.6185213826	1	$0.020
Redshift	query/query74.sql	209.108	$0.628	7.708104447	8	256.00	5.973020238	6	$0.640
Redshift	query/query75.sql	57.148	$0.172	5.836631104	6	64.00	4.101546896	5	$0.320
Redshift	query/query76.sql	18.504	$0.056	4.209765266	5	32.00	2.474681057	3	$0.080
Redshift	query/query77.sql	21.743	$0.065	4.442479105	5	32.00	2.707394897	3	$0.080
Redshift	query/query78.sql	179.437	$0.539	7.487333595	8	256.00	5.752249386	6	$0.640
Redshift	query/query79.sql	12.722	$0.038	3.669253587	4	16.00	1.934169378	2	$0.040
Redshift	query/query7.sql	6.904	$0.021	2.787432465	3	8.00	1.052348256	2	$0.040
Redshift	query/query80.sql	111.5	$0.335	6.8008999	7	128.00	5.065815691	6	$0.640
Redshift	query/query81.sql	10.066	$0.030	3.331418598	4	16.00	1.596334389	2	$0.040
Redshift	query/query82.sql	6.089	$0.018	2.606205313	3	8.00	0.8711211042	1	$0.020
Redshift	query/query83.sql	10.931	$0.033	3.450353484	4	16.00	1.715269275	2	$0.040
Redshift	query/query84.sql	10.472	$0.031	3.388465097	4	16.00	1.653380889	2	$0.040
Redshift	query/query85.sql	42.757	$0.128	5.418088726	6	64.00	3.683004518	4	$0.160
Redshift	query/query86.sql	3.282	$0.010	1.714575239	2	4.00	-0.02050896991	0	$0.010
Redshift	query/query87.sql	9.089	$0.027	3.184121573	4	16.00	1.449037365	2	$0.040
Redshift	query/query88.sql	23.095	$0.069	4.529508641	5	32.00	2.794424432	3	$0.080
Redshift	query/query89.sql	10.193	$0.031	3.349506822	4	16.00	1.614422614	2	$0.040
Redshift	query/query8.sql	13.01	$0.039	3.701549057	4	16.00	1.966464848	2	$0.040
Redshift	query/query90.sql	8.716	$0.026	3.123666196	4	16.00	1.388581988	2	$0.040
Redshift	query/query91.sql	12.143	$0.036	3.602052987	4	16.00	1.866968778	2	$0.040
Redshift	query/query92.sql	5.885	$0.018	2.557042415	3	8.00	0.8219582065	1	$0.020
Redshift	query/query93.sql	9.799	$0.029	3.292634528	4	16.00	1.557550319	2	$0.040
Redshift	query/query94.sql	16.599	$0.050	4.053024425	5	32.00	2.317940216	3	$0.080
Redshift	query/query95.sql	36.41	$0.109	5.186262836	6	64.00	3.451178627	4	$0.160
Redshift	query/query96.sql	3.022	$0.009	1.595503661	2	4.00	-0.1395805483	0	$0.010
Redshift	query/query97.sql	19.029	$0.057	4.250127843	5	32.00	2.515043634	3	$0.080
Redshift	query/query98.sql	4.837	$0.015	2.274112538	3	8.00	0.539028329	1	$0.020
Redshift	query/query99.sql	4.923	$0.015	2.29953774	3	8.00	0.5644535308	1	$0.020
Redshift	query/query9.sql	28.427	$0.085	4.829189949	5	32.00	3.094105741	4	$0.160
BigQuery	query/query1.sql	8.1	$0.004	3.025028794	4	16.00	-1.22203841	-1	$0.005
BigQuery	query/query10.sql	5.6	$0.037	2.478195258	3	8.00	1.871359324	2	$0.040
BigQuery	query/query11.sql	81.4	$0.051	6.347789655	7	128.00	2.358504189	3	$0.080
BigQuery	query/query12.sql	3.0	$0.008	1.564622052	2	4.00	-0.3199701977	0	$0.010
BigQuery	query/query13.sql	11.5	$0.100	3.522432448	4	16.00	3.327453964	4	$0.160
BigQuery	query/query14.sql	9.0	$0.072	3.177439471	4	16.00	2.845750364	3	$0.080
BigQuery	query/query15.sql	5.4	$0.016	2.432157687	3	8.00	0.6670907466	1	$0.020
BigQuery	query/query16.sql	5.5	$0.037	2.454965474	3	8.00	1.892450914	2	$0.040
BigQuery	query/query17.sql	10.8	$0.087	3.434161152	4	16.00	3.122815359	4	$0.160
BigQuery	query/query18.sql	6.8	$0.048	2.758516389	3	8.00	2.257386692	3	$0.080
BigQuery	query/query19.sql	4.6	$0.051	2.204140717	3	8.00	2.344350095	3	$0.080
BigQuery	query/query2.sql	5.3	$0.016	2.411426246	3	8.00	0.6483400257	1	$0.020
BigQuery	query/query20.sql	3.1	$0.016	1.64800518	2	4.00	0.6614475815	1	$0.020
BigQuery	query/query21.sql	4.6	$0.057	2.215367972	3	8.00	2.521691487	3	$0.080
BigQuery	query/query22.sql	6.8	$0.057	2.760220946	3	8.00	2.52241008	3	$0.080
BigQuery	query/query23.sql	21.8	$0.090	4.443871828	5	32.00	3.167908108	4	$0.160
BigQuery	query/query24.sql	9.1	$0.054	3.190140731	4	16.00	2.420469137	3	$0.080
BigQuery	query/query25.sql	11.3	$0.087	3.502839758	4	16.00	3.123289125	4	$0.160
BigQuery	query/query26.sql	4.2	$0.042	2.061084921	3	8.00	2.069727715	3	$0.080
BigQuery	query/query27.sql	3.2	$0.081	1.683471893	2	4.00	3.013930539	4	$0.160
BigQuery	query/query28.sql	3.1	$0.040	1.622461867	2	4.00	2.000927033	3	$0.080
BigQuery	query/query29.sql	13.3	$0.087	3.734005034	4	16.00	3.122894331	4	$0.160
BigQuery	query/query3.sql	2.5	$0.031	1.338567037	2	4.00	1.610541877	2	$0.040
BigQuery	query/query30.sql	366.8	$0.002	8.518786896	9	512.00	-2.151572666	-2	$0.003
BigQuery	query/query31.sql	5.0	$0.038	2.310630957	3	8.00	1.925605144	2	$0.040
BigQuery	query/query32.sql	2.9	$0.016	1.518535139	2	4.00	0.6496561533	1	$0.020
BigQuery	query/query33.sql	2.9	$0.072	1.522557993	2	4.00	2.846993861	3	$0.080
BigQuery	query/query34.sql	2.7	$0.051	1.414135533	2	4.00	2.34489185	3	$0.080
BigQuery	query/query35.sql	16.5	$0.036	4.043781937	5	32.00	1.859465023	2	$0.040
BigQuery	query/query36.sql	4.0	$0.051	2.012568674	3	8.00	2.337152561	3	$0.080
BigQuery	query/query37.sql	3.1	$0.048	1.614003045	2	4.00	2.270135606	3	$0.080
BigQuery	query/query38.sql	13.5	$0.036	3.749856023	4	16.00	1.844026829	2	$0.040
BigQuery	query/query39.sql	9.4	$0.057	3.226200229	4	16.00	2.521092386	3	$0.080
BigQuery	query/query4.sql	43.5	$0.107	5.44141708	6	64.00	3.425408011	4	$0.160
BigQuery	query/query40.sql	5.7	$0.028	2.499527024	3	8.00	1.470851478	2	$0.040
BigQuery	query/query41.sql	1.7	$0.000	0.7840851427	1	2.00	-7.12732512	-7	$0.000
BigQuery	query/query42.sql	2.4	$0.031	1.277389699	2	4.00	1.610091246	2	$0.040
BigQuery	query/query43.sql	2.7	$0.030	1.414135533	2	4.00	1.586233237	2	$0.040
BigQuery	query/query44.sql	25.9	$0.041	4.697273415	5	32.00	2.018861672	3	$0.080
BigQuery	query/query45.sql	7.1	$0.011	2.823545575	3	8.00	0.1034158829	1	$0.020
BigQuery	query/query46.sql	5.4	$0.081	2.423847055	3	8.00	3.016143131	4	$0.160
BigQuery	query/query47.sql	5.7	$0.041	2.511973982	3	8.00	2.019201129	3	$0.080
BigQuery	query/query48.sql	6.5	$0.070	2.691757475	3	8.00	2.814896125	3	$0.080
BigQuery	query/query49.sql	4.8	$0.115	2.260326813	3	8.00	3.526952876	4	$0.160
BigQuery	query/query5.sql	5.5	$0.084	2.448636697	3	8.00	3.070546823	4	$0.160
BigQuery	query/query50.sql	6.6	$0.055	2.722028778	3	8.00	2.462013924	3	$0.080
BigQuery	query/query51.sql	13.0	$0.038	3.699218459	4	16.00	1.939481651	2	$0.040
BigQuery	query/query52.sql	2.2	$0.031	1.112366523	2	4.00	1.610541877	2	$0.040
BigQuery	query/query53.sql	3.0	$0.041	1.560714954	2	4.00	2.019879805	3	$0.080
BigQuery	query/query54.sql	7.2	$0.054	2.851998837	3	8.00	2.428797698	3	$0.080
BigQuery	query/query55.sql	2.3	$0.031	1.21971064	2	4.00	1.610541877	2	$0.040
BigQuery	query/query56.sql	3.6	$0.072	1.82822536	2	4.00	2.847185073	3	$0.080
BigQuery	query/query57.sql	6.1	$0.021	2.620351807	3	8.00	1.064803276	2	$0.040
BigQuery	query/query58.sql	3.7	$0.054	1.878136767	2	4.00	2.434153772	3	$0.080
BigQuery	query/query59.sql	5.3	$0.030	2.413594082	3	8.00	1.586462327	2	$0.040
BigQuery	query/query6.sql	45.8	$0.031	5.517874067	6	64.00	1.619301164	2	$0.040
BigQuery	query/query60.sql	4.4	$0.072	2.149909668	3	8.00	2.847185073	3	$0.080
BigQuery	query/query61.sql	5.2	$0.061	2.374065718	3	8.00	2.602861942	3	$0.080
BigQuery	query/query62.sql	2.4	$0.013	1.233274539	2	4.00	0.3899505735	1	$0.020
BigQuery	query/query63.sql	2.7	$0.041	1.45785691	2	4.00	2.019879805	3	$0.080
BigQuery	query/query64.sql	31.4	$0.142	4.971543554	5	32.00	3.829341435	4	$0.160
BigQuery	query/query65.sql	8.9	$0.041	3.154615611	4	16.00	2.022760621	3	$0.080
BigQuery	query/query66.sql	3.1	$0.055	1.624334889	2	4.00	2.455130525	3	$0.080
BigQuery	query/query67.sql	17.1	$0.051	4.094573898	5	32.00	2.338513338	3	$0.080
BigQuery	query/query68.sql	6.5	$0.091	2.704207995	3	8.00	3.184423195	4	$0.160
BigQuery	query/query69.sql	5.9	$0.036	2.563646269	3	8.00	1.860980857	2	$0.040
BigQuery	query/query7.sql	4.7	$0.081	2.222186307	3	8.00	3.013930539	4	$0.160
BigQuery	query/query70.sql	4.1	$0.030	2.019701914	3	8.00	1.586233237	2	$0.040
BigQuery	query/query71.sql	3.4	$0.072	1.766807151	2	4.00	2.846133093	3	$0.080
BigQuery	query/query72.sql	860.2	$0.258	9.748498132	10	1024.00	4.68701701	5	$0.320
BigQuery	query/query73.sql	3.9	$0.051	1.94673086	2	4.00	2.34489185	3	$0.080
BigQuery	query/query74.sql	20.0	$0.038	4.319834669	5	32.00	1.935890175	2	$0.040
BigQuery	query/query75.sql	6.4	$0.097	2.685715936	3	8.00	3.284680099	4	$0.160
BigQuery	query/query76.sql	4.1	$0.072	2.022545365	3	8.00	2.845463251	3	$0.080
BigQuery	query/query77.sql	5.0	$0.078	2.323658291	3	8.00	2.972548646	3	$0.080
BigQuery	query/query78.sql	37.1	$0.130	5.213736096	6	64.00	3.695245711	4	$0.160
BigQuery	query/query79.sql	4.8	$0.081	2.271425676	3	8.00	3.013334261	4	$0.160
BigQuery	query/query8.sql	5.0	$0.030	2.335140206	3	8.00	1.594229825	2	$0.040
BigQuery	query/query80.sql	9.0	$0.133	3.171527106	4	16.00	3.734692257	4	$0.160
BigQuery	query/query81.sql	16.0	$0.003	3.997834333	4	16.00	-1.705540788	-1	$0.005
BigQuery	query/query82.sql	5.1	$0.053	2.340562269	3	8.00	2.418926285	3	$0.080
BigQuery	query/query83.sql	6.0	$0.005	2.573374526	3	8.00	-0.881930873	0	$0.010
BigQuery	query/query84.sql	3.9	$0.002	1.978927776	2	4.00	-2.566610165	-2	$0.003
BigQuery	query/query85.sql	10.8	$0.021	3.439224181	4	16.00	1.048598622	2	$0.040
BigQuery	query/query86.sql	2.9	$0.008	1.512479747	2	4.00	-0.3424721962	0	$0.010
BigQuery	query/query87.sql	14.0	$0.036	3.805705185	4	16.00	1.844026829	2	$0.040
BigQuery	query/query88.sql	5.1	$0.030	2.356707253	3	8.00	1.586462327	2	$0.040
BigQuery	query/query89.sql	3.8	$0.041	1.92865457	2	4.00	2.019540507	3	$0.080
BigQuery	query/query9.sql	4.1	$0.030	2.031042243	3	8.00	1.58600411	2	$0.040
BigQuery	query/query90.sql	3.1	$0.008	1.619178216	2	4.00	-0.3459654062	0	$0.010
BigQuery	query/query91.sql	4.2	$0.003	2.080657663	3	8.00	-1.925691259	-1	$0.005
BigQuery	query/query92.sql	3.6	$0.008	1.857184806	2	4.00	-0.343344706	0	$0.010
BigQuery	query/query93.sql	7.3	$0.055	2.862153795	3	8.00	2.461889064	3	$0.080
BigQuery	query/query94.sql	7.8	$0.019	2.955312803	3	8.00	0.8998436796	1	$0.020
BigQuery	query/query95.sql	17.5	$0.019	4.132494589	5	32.00	0.8998436796	1	$0.020
BigQuery	query/query96.sql	2.7	$0.030	1.429749851	2	4.00	1.586462327	2	$0.040
BigQuery	query/query97.sql	7.4	$0.046	2.87892148	3	8.00	2.206724648	3	$0.080
BigQuery	query/query98.sql	4.6	$0.031	2.18935017	3	8.00	1.61548955	2	$0.040
BigQuery	query/query99.sql	3.9	$0.026	1.978927776	2	4.00	1.382317945	2	$0.040
Presto	query/query1.sql	17.7	$0.030	4.142985174	5	32.00	1.59338697	2	$0.040
Presto	query/query10.sql	37.9	$0.065	5.244125943	6	64.00	2.694527739	3	$0.080
Presto	query/query11.sql	293.9	$0.502	8.199181549	9	512.00	5.649583344	6	$0.640
Presto	query/query12.sql	17.0	$0.029	4.087971938	5	32.00	1.538373733	2	$0.040
Presto	query/query13.sql	149.9	$0.256	7.227721825	8	256.00	4.678123621	5	$0.320
Presto	query/query14.sql	600.1	$1.025	9.229008633	10	1024.00	6.679410428	7	$1.280
Presto	query/query15.sql	28.9	$0.049	4.854693878	5	32.00	2.305095674	3	$0.080
Presto	query/query16.sql	42.6	$0.073	5.413763308	6	64.00	2.864165103	3	$0.080
Presto	query/query17.sql	76.4	$0.130	6.255198566	7	128.00	3.705600362	4	$0.160
Presto	query/query18.sql	39.8	$0.068	5.315783575	6	64.00	2.76618537	3	$0.080
Presto	query/query19.sql	48.9	$0.084	5.611880567	6	64.00	3.062282362	4	$0.160
Presto	query/query2.sql	57.1	$0.098	5.836328134	6	64.00	3.286729929	4	$0.160
Presto	query/query20.sql	28.6	$0.049	4.836833049	5	32.00	2.287234845	3	$0.080
Presto	query/query21.sql	79.4	$0.136	6.311321459	7	128.00	3.761723255	4	$0.160
Presto	query/query22.sql	81.5	$0.139	6.348604236	7	128.00	3.799006032	4	$0.160
Presto	query/query23.sql	453.9	$0.775	8.826348276	9	512.00	6.276750071	7	$1.280
Presto	query/query24.sql	109.5	$0.187	6.775379826	7	128.00	4.225781622	5	$0.320
Presto	query/query25.sql	81.9	$0.140	6.355403958	7	128.00	3.805805753	4	$0.160
Presto	query/query26.sql	31.2	$0.053	4.961252884	5	32.00	2.411654679	3	$0.080
Presto	query/query27.sql	50.8	$0.087	5.666756592	6	64.00	3.117158387	4	$0.160
Presto	query/query28.sql	94.6	$0.162	6.563173387	7	128.00	4.013575183	5	$0.320
Presto	query/query29.sql	75.1	$0.128	6.230087704	7	128.00	3.680489499	4	$0.160
Presto	query/query3.sql	37.8	$0.065	5.239779899	6	64.00	2.690181694	3	$0.080
Presto	query/query30.sql	7.8	$0.013	2.961623328	3	8.00	0.4120251237	1	$0.020
Presto	query/query31.sql	105.8	$0.181	6.72455478	7	128.00	4.174956575	5	$0.320
Presto	query/query32.sql	29.2	$0.050	4.867501151	5	32.00	2.317902946	3	$0.080
Presto	query/query33.sql	56.4	$0.096	5.816804475	6	64.00	3.26720627	4	$0.160
Presto	query/query34.sql	34.8	$0.060	5.122796941	6	64.00	2.573198736	3	$0.080
Presto	query/query35.sql	39.9	$0.068	5.319473426	6	64.00	2.769875222	3	$0.080
Presto	query/query36.sql	55.2	$0.094	5.785393615	6	64.00	3.23579541	4	$0.160
Presto	query/query37.sql	36.1	$0.062	5.175045486	6	64.00	2.625447281	3	$0.080
Presto	query/query38.sql	53.0	$0.091	5.72783879	6	64.00	3.178240586	4	$0.160
Presto	query/query39.sql	237.7	$0.406	7.892791719	8	256.00	5.343193514	6	$0.640
Presto	query/query4.sql	371.8	$0.635	8.538235501	9	512.00	5.988637297	6	$0.640
Presto	query/query40.sql	58.7	$0.100	5.874600266	6	64.00	3.325002061	4	$0.160
Presto	query/query41.sql	1.7	$0.003	0.7398481027	1	2.00	-1.809750102	-1	$0.005
Presto	query/query42.sql	36.4	$0.062	5.186698629	6	64.00	2.637100425	3	$0.080
Presto	query/query43.sql	42.4	$0.072	5.405243597	6	64.00	2.855645393	3	$0.080
Presto	query/query44.sql	59.6	$0.102	5.897216219	6	64.00	3.347618014	4	$0.160
Presto	query/query45.sql	25.1	$0.043	4.648753033	5	32.00	2.099154828	3	$0.080
Presto	query/query46.sql	60.2	$0.103	5.911883289	6	64.00	3.362285085	4	$0.160
Presto	query/query47.sql	382.4	$0.653	8.578927395	9	512.00	6.02932919	7	$1.280
Presto	query/query48.sql	86.7	$0.148	6.438492473	7	128.00	3.888894268	4	$0.160
Presto	query/query49.sql	68.0	$0.116	6.08648657	7	128.00	3.536888366	4	$0.160
Presto	query/query5.sql	84.9	$0.145	6.408338233	7	128.00	3.858740029	4	$0.160
Presto	query/query50.sql	64.8	$0.111	6.017053358	7	128.00	3.467455153	4	$0.160
Presto	query/query51.sql	99.4	$0.170	6.63531908	7	128.00	4.085720875	5	$0.320
Presto	query/query52.sql	36.5	$0.062	5.189033824	6	64.00	2.63943562	3	$0.080
Presto	query/query53.sql	48.4	$0.083	5.596786096	6	64.00	3.047187891	4	$0.160
Presto	query/query54.sql	59.0	$0.101	5.881811426	6	64.00	3.332213222	4	$0.160
Presto	query/query55.sql	37.0	$0.063	5.207931885	6	64.00	2.65833368	3	$0.080
Presto	query/query56.sql	60.1	$0.103	5.909845093	6	64.00	3.360246888	4	$0.160
Presto	query/query57.sql	191.9	$0.328	7.583985345	8	256.00	5.03438714	6	$0.640
Presto	query/query58.sql	171.5	$0.293	7.422418036	8	256.00	4.872819831	5	$0.320
Presto	query/query59.sql	88.0	$0.150	6.458792101	7	128.00	3.909193896	4	$0.160
Presto	query/query6.sql	92.0	$0.157	6.52338945	7	128.00	3.973791245	4	$0.160
Presto	query/query60.sql	63.3	$0.108	5.984065219	6	64.00	3.434467014	4	$0.160
Presto	query/query61.sql	82.3	$0.140	6.362049012	7	128.00	3.812450807	4	$0.160
Presto	query/query62.sql	45.0	$0.077	5.491788975	6	64.00	2.94219077	3	$0.080
Presto	query/query63.sql	46.6	$0.080	5.543279339	6	64.00	2.993681135	3	$0.080
Presto	query/query64.sql	331.4	$0.566	8.372329662	9	512.00	5.822731458	6	$0.640
Presto	query/query65.sql	93.8	$0.160	6.551331439	7	128.00	4.001733235	5	$0.320
Presto	query/query66.sql	128.7	$0.220	7.007610396	8	256.00	4.458012191	5	$0.320
Presto	query/query67.sql	198.2	$0.339	7.63111156	8	256.00	5.081513355	6	$0.640
Presto	query/query68.sql	66.2	$0.113	6.047930941	7	128.00	3.498332736	4	$0.160
Presto	query/query69.sql	36.1	$0.062	5.174366467	6	64.00	2.624768263	3	$0.080
Presto	query/query7.sql	56.5	$0.097	5.82023003	6	64.00	3.270631826	4	$0.160
Presto	query/query70.sql	96.4	$0.165	6.591559746	7	128.00	4.041961541	5	$0.320
Presto	query/query71.sql	60.5	$0.103	5.918767849	6	64.00	3.369169645	4	$0.160
Presto	query/query72.sql	4742.1	$8.100	12.21130429	13	8192.00	9.661706082	10	$10.240
Presto	query/query73.sql	38.4	$0.066	5.262733813	6	64.00	2.713135608	3	$0.080
Presto	query/query74.sql	210.8	$0.360	7.719765276	8	256.00	5.170167071	6	$0.640
Presto	query/query75.sql	192.1	$0.328	7.585383225	8	256.00	5.035785021	6	$0.640
Presto	query/query76.sql	43.1	$0.074	5.428410425	6	64.00	2.878812221	3	$0.080
Presto	query/query77.sql	69.4	$0.119	6.116427141	7	128.00	3.566828937	4	$0.160
Presto	query/query78.sql	190.3	$0.325	7.571760227	8	256.00	5.022162022	6	$0.640
Presto	query/query79.sql	64.3	$0.110	6.007644031	7	128.00	3.458045826	4	$0.160
Presto	query/query8.sql	39.6	$0.068	5.307392093	6	64.00	2.757793888	3	$0.080
Presto	query/query80.sql	215.1	$0.367	7.749131973	8	256.00	5.199533769	6	$0.640
Presto	query/query81.sql	10.9	$0.019	3.444269502	4	16.00	0.8946712978	1	$0.020
Presto	query/query82.sql	54.5	$0.093	5.767681279	6	64.00	3.218083075	4	$0.160
Presto	query/query83.sql	19.4	$0.033	4.275975474	5	32.00	1.72637727	2	$0.040
Presto	query/query84.sql	4.8	$0.008	2.269033146	3	8.00	-0.2805650582	0	$0.010
Presto	query/query85.sql	25.5	$0.043	4.669593751	5	32.00	2.119995547	3	$0.080
Presto	query/query86.sql	11.2	$0.019	3.489157549	4	16.00	0.9395593443	1	$0.020
Presto	query/query87.sql	56.2	$0.096	5.812241495	6	64.00	3.262643291	4	$0.160
Presto	query/query88.sql	237.2	$0.405	7.890094002	8	256.00	5.340495797	6	$0.640
Presto	query/query89.sql	54.4	$0.093	5.76463278	6	64.00	3.215034575	4	$0.160
Presto	query/query9.sql	140.8	$0.240	7.137544509	8	256.00	4.587946304	5	$0.320
Presto	query/query90.sql	14.6	$0.025	3.864235678	4	16.00	1.314637474	2	$0.040
Presto	query/query91.sql	9.3	$0.016	3.21023299	4	16.00	0.6606347855	1	$0.020
Presto	query/query92.sql	18.1	$0.031	4.174246607	5	32.00	1.624648403	2	$0.040
Presto	query/query93.sql	73.8	$0.126	6.206291571	7	128.00	3.656693366	4	$0.160
Presto	query/query94.sql	26.7	$0.046	4.737470449	5	32.00	2.187872244	3	$0.080
Presto	query/query95.sql	130.3	$0.223	7.026047537	8	256.00	4.476449333	5	$0.320
Presto	query/query96.sql	24.9	$0.042	4.636392611	5	32.00	2.086794406	3	$0.080
Presto	query/query97.sql	56.2	$0.096	5.813011549	6	64.00	3.263413344	4	$0.160
Presto	query/query98.sql	67.1	$0.115	6.068606326	7	128.00	3.519008122	4	$0.160
Presto	query/query99.sql	84.4	$0.144	6.39835037	7	128.00	3.848752166	4	$0.160